<?xml version="1.0" encoding="UTF-8"?>
<project-private xmlns="http://www.netbeans.org/ns/project-private/1">
    <editor-bookmarks xmlns="http://www.netbeans.org/ns/editor-bookmarks/2" lastBookmarkId="0"/>
    <open-files xmlns="http://www.netbeans.org/ns/projectui-open-files/2">
        <group>
            <file>file:/C:/Users/ViNi/Documents/ECE/S6_POO%20JAVA/NetBeans/Gestion_Ecole/src/Main.java</file>
            <file>file:/C:/Users/ViNi/Documents/ECE/S6_POO%20JAVA/NetBeans/Gestion_Ecole/src/GenererEleve.java</file>
            <file>file:/C:/Users/ViNi/Documents/ECE/S6_POO%20JAVA/NetBeans/Gestion_Ecole/src/ModifierNote.java</file>
            <file>file:/C:/Users/ViNi/Documents/ECE/S6_POO%20JAVA/NetBeans/Gestion_Ecole/src/SupprimerNote.java</file>
            <file>file:/C:/Users/ViNi/Documents/ECE/S6_POO%20JAVA/NetBeans/Gestion_Ecole/src/Connexion.java</file>
            <file>file:/C:/Users/ViNi/Documents/ECE/S6_POO%20JAVA/NetBeans/Gestion_Ecole/src/Enseignant.java</file>
            <file>file:/C:/Users/ViNi/Documents/ECE/S6_POO%20JAVA/NetBeans/Gestion_Ecole/src/ConnexionBDD.java</file>
            <file>file:/C:/Users/ViNi/Documents/ECE/S6_POO%20JAVA/NetBeans/Gestion_Ecole/src/RechercherEleve.java</file>
            <file>file:/C:/Users/ViNi/Documents/ECE/S6_POO%20JAVA/NetBeans/Gestion_Ecole/src/desktop.ini</file>
            <file>file:/C:/Users/ViNi/Documents/ECE/S6_POO%20JAVA/NetBeans/Gestion_Ecole/src/bleu%20fond.jpg</file>
            <file>file:/C:/Users/ViNi/Documents/ECE/S6_POO%20JAVA/NetBeans/Gestion_Ecole/src/RechercherEnseignant.java</file>
            <file>file:/C:/Users/ViNi/Documents/ECE/S6_POO%20JAVA/NetBeans/Gestion_Ecole/src/AjouterNote.java</file>
        </group>
    </open-files>
</project-private>
